season,model,feature,importance_rank,importance_value
2021,xgb,elo_diff,1,0.1322501003742218
2021,xgb,point_diff_advantage,2,0.08442055433988571
2021,xgb,roster_talent_delta,3,0.060781776905059814
2021,xgb,elo_confidence,4,0.05145125091075897
2021,xgb,home_qb_injury_flag,5,0.0402221716940403
2021,xgb,def_roster_value_delta,6,0.03640545904636383
2021,xgb,trench_dominance_metric,7,0.03584781289100647
2021,xgb,early_down_matchup,8,0.035507988184690475
2021,xgb,net_success_rate,9,0.03538241982460022
2021,xgb,pass_epa_matchup,10,0.035361871123313904
2021,xgb,div_game_flag,11,0.03521975874900818
2021,xgb,rush_epa_matchup,12,0.03432281315326691
2021,xgb,off_roster_value_delta,13,0.03311648964881897
2021,xgb,surface_type,14,0.032859764993190765
2021,xgb,qb_resilience_delta,15,0.03184538334608078
2021,xgb,week,16,0.030944308266043663
2021,xgb,turnover_margin_rolling,17,0.0308235976845026
2021,xgb,st_value_delta,18,0.030525097623467445
2021,xgb,market_implied_team_total,19,0.030349494889378548
2021,xgb,rest_advantage,20,0.02972516044974327
2021,xgb,net_travel_disadvantage,21,0.02960566058754921
2021,xgb,passing_difficulty_index,22,0.02839052490890026
2021,xgb,def_pressure_diff,23,0.02619209513068199
2021,xgb,qb_pressure_advantage,24,0.02433662861585617
2021,xgb,away_qb_injury_flag,25,0.024111831560730934
2021,xgb,home_field_advantage,26,0.0
2021,xgb,playoff_flag,27,0.0
2021,lr,elo_diff,1,0.46455618168585466
2021,lr,point_diff_advantage,2,0.18479445479948786
2021,lr,home_qb_injury_flag,3,0.11647219150868113
2021,lr,trench_dominance_metric,4,0.10363530162557953
2021,lr,def_roster_value_delta,5,0.08818126842180309
2021,lr,pass_epa_matchup,6,0.08565530245637377
2021,lr,div_game_flag,7,0.08182995162146933
2021,lr,rest_advantage,8,0.06610633587467474
2021,lr,net_success_rate,9,0.06045590691757071
2021,lr,surface_type,10,0.04999473837068324
2021,lr,turnover_margin_rolling,11,0.04126630739072008
2021,lr,elo_confidence,12,0.03705746970270102
2021,lr,week,13,0.033733094723003294
2021,lr,home_field_advantage,14,0.031966509179586114
2021,lr,st_value_delta,15,0.0313154665356483
2021,lr,def_pressure_diff,16,0.027833725746731118
2021,lr,qb_resilience_delta,17,0.025750409874969987
2021,lr,roster_talent_delta,18,0.024642077352528276
2021,lr,away_qb_injury_flag,19,0.018977085962360713
2021,lr,market_implied_team_total,20,0.01843252682812863
2021,lr,passing_difficulty_index,21,0.014675338659658194
2021,lr,qb_pressure_advantage,22,0.006461831946116598
2021,lr,rush_epa_matchup,23,0.0
2021,lr,early_down_matchup,24,0.0
2021,lr,net_travel_disadvantage,25,0.0
2021,lr,off_roster_value_delta,26,0.0
2021,lr,playoff_flag,27,0.0
2021,nn,elo_diff,1,0.014094233512878418
2021,nn,roster_talent_delta,2,0.009093105792999268
2021,nn,trench_dominance_metric,3,0.008021533489227295
2021,nn,def_pressure_diff,4,0.005706518888473511
2021,nn,point_diff_advantage,5,0.005207031965255737
2021,nn,off_roster_value_delta,6,0.004358142614364624
2021,nn,home_qb_injury_flag,7,0.0035723447799682617
2021,nn,elo_confidence,8,0.003554016351699829
2021,nn,surface_type,9,0.002463787794113159
2021,nn,early_down_matchup,10,0.0021680593490600586
2021,nn,rest_advantage,11,0.001608431339263916
2021,nn,qb_pressure_advantage,12,0.0014265179634094238
2021,nn,week,13,0.0014020204544067383
2021,nn,turnover_margin_rolling,14,0.0012030601501464844
2021,nn,qb_resilience_delta,15,0.000948101282119751
2021,nn,net_travel_disadvantage,16,0.0009341835975646973
2021,nn,rush_epa_matchup,17,0.0008212625980377197
2021,nn,st_value_delta,18,0.0005387365818023682
2021,nn,away_qb_injury_flag,19,0.00039896368980407715
2021,nn,home_field_advantage,20,0.00028783082962036133
2021,nn,playoff_flag,21,0.0
2021,nn,def_roster_value_delta,22,-8.52346420288086e-06
2021,nn,pass_epa_matchup,23,-6.717443466186523e-05
2021,nn,passing_difficulty_index,24,-8.925795555114746e-05
2021,nn,div_game_flag,25,-0.0011756420135498047
2021,nn,market_implied_team_total,26,-0.0014772117137908936
2021,nn,net_success_rate,27,-0.0019522011280059814
2022,xgb,elo_diff,1,0.14289820194244385
2022,xgb,point_diff_advantage,2,0.13459578156471252
2022,xgb,roster_talent_delta,3,0.08976377546787262
2022,xgb,elo_confidence,4,0.04905448108911514
2022,xgb,home_qb_injury_flag,5,0.046313583850860596
2022,xgb,trench_dominance_metric,6,0.03769395127892494
2022,xgb,net_success_rate,7,0.03588443249464035
2022,xgb,pass_epa_matchup,8,0.03399514779448509
2022,xgb,qb_resilience_delta,9,0.033108316361904144
2022,xgb,early_down_matchup,10,0.03165450319647789
2022,xgb,def_roster_value_delta,11,0.031527284532785416
2022,xgb,div_game_flag,12,0.030302124097943306
2022,xgb,off_roster_value_delta,13,0.029831914231181145
2022,xgb,market_implied_team_total,14,0.029765281826257706
2022,xgb,turnover_margin_rolling,15,0.028711408376693726
2022,xgb,net_travel_disadvantage,16,0.02636607177555561
2022,xgb,rush_epa_matchup,17,0.026078172028064728
2022,xgb,rest_advantage,18,0.025984851643443108
2022,xgb,week,19,0.024814721196889877
2022,xgb,surface_type,20,0.024621322751045227
2022,xgb,st_value_delta,21,0.024316541850566864
2022,xgb,qb_pressure_advantage,22,0.02354269102215767
2022,xgb,passing_difficulty_index,23,0.021942585706710815
2022,xgb,def_pressure_diff,24,0.01723281666636467
2022,xgb,away_qb_injury_flag,25,0.0
2022,xgb,home_field_advantage,26,0.0
2022,xgb,playoff_flag,27,0.0
2022,lr,elo_diff,1,0.39957039415959084
2022,lr,point_diff_advantage,2,0.16888698256195292
2022,lr,home_qb_injury_flag,3,0.1102621476468377
2022,lr,trench_dominance_metric,4,0.10616037240564664
2022,lr,pass_epa_matchup,5,0.07954820200595797
2022,lr,roster_talent_delta,6,0.07628019447152964
2022,lr,def_roster_value_delta,7,0.07421476740631203
2022,lr,div_game_flag,8,0.061669114299986574
2022,lr,rest_advantage,9,0.06123889237374127
2022,lr,surface_type,10,0.05088389675254691
2022,lr,net_success_rate,11,0.05046649122784561
2022,lr,home_field_advantage,12,0.03965694468811828
2022,lr,turnover_margin_rolling,13,0.03590821278133111
2022,lr,market_implied_team_total,14,0.03078898707322267
2022,lr,qb_resilience_delta,15,0.028668105778755695
2022,lr,week,16,0.026875292783266468
2022,lr,away_qb_injury_flag,17,0.022962736813188365
2022,lr,passing_difficulty_index,18,0.020173557066545833
2022,lr,qb_pressure_advantage,19,0.015111809040473578
2022,lr,elo_confidence,20,0.012852972339320359
2022,lr,st_value_delta,21,0.01128641219928027
2022,lr,def_pressure_diff,22,0.009994519094940452
2022,lr,rush_epa_matchup,23,0.0
2022,lr,early_down_matchup,24,0.0
2022,lr,net_travel_disadvantage,25,0.0
2022,lr,off_roster_value_delta,26,0.0
2022,lr,playoff_flag,27,0.0
2022,nn,elo_diff,1,0.007133007049560547
2022,nn,net_success_rate,2,0.0037150681018829346
2022,nn,roster_talent_delta,3,0.0030903518199920654
2022,nn,pass_epa_matchup,4,0.002993971109390259
2022,nn,point_diff_advantage,5,0.00289347767829895
2022,nn,away_qb_injury_flag,6,0.0022838711738586426
2022,nn,elo_confidence,7,0.0017719566822052002
2022,nn,trench_dominance_metric,8,0.0013130605220794678
2022,nn,home_qb_injury_flag,9,0.00131264328956604
2022,nn,def_pressure_diff,10,0.001238405704498291
2022,nn,div_game_flag,11,0.0011668205261230469
2022,nn,early_down_matchup,12,0.000995248556137085
2022,nn,week,13,0.0008154809474945068
2022,nn,rest_advantage,14,0.0006431341171264648
2022,nn,def_roster_value_delta,15,0.0004379153251647949
2022,nn,market_implied_team_total,16,0.0003304779529571533
2022,nn,qb_resilience_delta,17,0.00030866265296936035
2022,nn,playoff_flag,18,0.0
2022,nn,passing_difficulty_index,19,-5.59389591217041e-05
2022,nn,qb_pressure_advantage,20,-0.0002085268497467041
2022,nn,rush_epa_matchup,21,-0.0003948509693145752
2022,nn,net_travel_disadvantage,22,-0.0004578828811645508
2022,nn,st_value_delta,23,-0.0005436241626739502
2022,nn,home_field_advantage,24,-0.0015776753425598145
2022,nn,surface_type,25,-0.0017133653163909912
2022,nn,off_roster_value_delta,26,-0.0019958019256591797
2022,nn,turnover_margin_rolling,27,-0.0027188658714294434
2023,xgb,elo_diff,1,0.16893965005874634
2023,xgb,point_diff_advantage,2,0.1026332750916481
2023,xgb,roster_talent_delta,3,0.08102495968341827
2023,xgb,elo_confidence,4,0.05415521189570427
2023,xgb,home_qb_injury_flag,5,0.04083031043410301
2023,xgb,trench_dominance_metric,6,0.03529652580618858
2023,xgb,net_success_rate,7,0.035021811723709106
2023,xgb,qb_resilience_delta,8,0.03428630158305168
2023,xgb,pass_epa_matchup,9,0.03332052007317543
2023,xgb,off_roster_value_delta,10,0.031902845948934555
2023,xgb,early_down_matchup,11,0.029603274539113045
2023,xgb,def_roster_value_delta,12,0.029398877173662186
2023,xgb,market_implied_team_total,13,0.029071144759655
2023,xgb,qb_pressure_advantage,14,0.028772640973329544
2023,xgb,turnover_margin_rolling,15,0.02874838374555111
2023,xgb,rush_epa_matchup,16,0.026763183996081352
2023,xgb,away_qb_injury_flag,17,0.026118190959095955
2023,xgb,div_game_flag,18,0.02572801150381565
2023,xgb,net_travel_disadvantage,19,0.025438111275434494
2023,xgb,week,20,0.024112487211823463
2023,xgb,passing_difficulty_index,21,0.023047100752592087
2023,xgb,st_value_delta,22,0.02284904196858406
2023,xgb,rest_advantage,23,0.022846072912216187
2023,xgb,surface_type,24,0.02111794427037239
2023,xgb,def_pressure_diff,25,0.018974043428897858
2023,xgb,home_field_advantage,26,0.0
2023,xgb,playoff_flag,27,0.0
2023,lr,elo_diff,1,0.4780986404967557
2023,lr,point_diff_advantage,2,0.14317924232703386
2023,lr,home_qb_injury_flag,3,0.13062411348475345
2023,lr,trench_dominance_metric,4,0.10880330036454845
2023,lr,pass_epa_matchup,5,0.08564403510974743
2023,lr,def_roster_value_delta,6,0.07785119173436983
2023,lr,div_game_flag,7,0.0675988462863016
2023,lr,rest_advantage,8,0.0666947918463265
2023,lr,roster_talent_delta,9,0.056020116401799484
2023,lr,elo_confidence,10,0.0511920203706643
2023,lr,net_success_rate,11,0.04991236404009058
2023,lr,market_implied_team_total,12,0.04866615516316312
2023,lr,qb_resilience_delta,13,0.03684083260405335
2023,lr,away_qb_injury_flag,14,0.03109321379674611
2023,lr,surface_type,15,0.03008400703095263
2023,lr,home_field_advantage,16,0.026397910078560634
2023,lr,qb_pressure_advantage,17,0.022087995641758795
2023,lr,def_pressure_diff,18,0.020686389096323036
2023,lr,week,19,0.019428784907395684
2023,lr,turnover_margin_rolling,20,0.01891000877325002
2023,lr,passing_difficulty_index,21,0.01147039978038611
2023,lr,st_value_delta,22,0.010803109895836346
2023,lr,net_travel_disadvantage,23,0.00622710568380417
2023,lr,early_down_matchup,24,0.0
2023,lr,rush_epa_matchup,25,0.0
2023,lr,off_roster_value_delta,26,0.0
2023,lr,playoff_flag,27,0.0
2023,nn,elo_diff,1,0.006247907876968384
2023,nn,roster_talent_delta,2,0.005676567554473877
2023,nn,rest_advantage,3,0.004920393228530884
2023,nn,net_success_rate,4,0.003957688808441162
2023,nn,trench_dominance_metric,5,0.003068208694458008
2023,nn,early_down_matchup,6,0.0027048885822296143
2023,nn,away_qb_injury_flag,7,0.0021205544471740723
2023,nn,point_diff_advantage,8,0.0020938515663146973
2023,nn,home_field_advantage,9,0.001473754644393921
2023,nn,pass_epa_matchup,10,0.0012324750423431396
2023,nn,rush_epa_matchup,11,0.0009216368198394775
2023,nn,qb_resilience_delta,12,0.0005089342594146729
2023,nn,elo_confidence,13,0.0003349781036376953
2023,nn,passing_difficulty_index,14,5.5730342864990234e-06
2023,nn,surface_type,15,5.066394805908203e-06
2023,nn,playoff_flag,16,0.0
2023,nn,turnover_margin_rolling,17,-0.00023230910301208496
2023,nn,week,18,-0.000550687313079834
2023,nn,off_roster_value_delta,19,-0.0005843639373779297
2023,nn,def_roster_value_delta,20,-0.0007686018943786621
2023,nn,home_qb_injury_flag,21,-0.0009282529354095459
2023,nn,st_value_delta,22,-0.0017399191856384277
2023,nn,qb_pressure_advantage,23,-0.0018445849418640137
2023,nn,market_implied_team_total,24,-0.0018756091594696045
2023,nn,net_travel_disadvantage,25,-0.0023921728134155273
2023,nn,def_pressure_diff,26,-0.002430170774459839
2023,nn,div_game_flag,27,-0.003307849168777466
2024,xgb,elo_diff,1,0.18342885375022888
2024,xgb,point_diff_advantage,2,0.11050841957330704
2024,xgb,roster_talent_delta,3,0.08720710128545761
2024,xgb,elo_confidence,4,0.04518584907054901
2024,xgb,home_qb_injury_flag,5,0.04427441582083702
2024,xgb,net_success_rate,6,0.04253799095749855
2024,xgb,pass_epa_matchup,7,0.03911617025732994
2024,xgb,qb_resilience_delta,8,0.03527916222810745
2024,xgb,trench_dominance_metric,9,0.03486214205622673
2024,xgb,qb_pressure_advantage,10,0.03351819887757301
2024,xgb,early_down_matchup,11,0.03331524133682251
2024,xgb,turnover_margin_rolling,12,0.03294706344604492
2024,xgb,def_roster_value_delta,13,0.031794968992471695
2024,xgb,net_travel_disadvantage,14,0.02996407262980938
2024,xgb,off_roster_value_delta,15,0.029487624764442444
2024,xgb,market_implied_team_total,16,0.029248466715216637
2024,xgb,surface_type,17,0.025990916416049004
2024,xgb,rush_epa_matchup,18,0.025394119322299957
2024,xgb,week,19,0.024769455194473267
2024,xgb,st_value_delta,20,0.022983556613326073
2024,xgb,div_game_flag,21,0.02251606434583664
2024,xgb,rest_advantage,22,0.02093064971268177
2024,xgb,passing_difficulty_index,23,0.014739545993506908
2024,xgb,away_qb_injury_flag,24,0.0
2024,xgb,def_pressure_diff,25,0.0
2024,xgb,home_field_advantage,26,0.0
2024,xgb,playoff_flag,27,0.0
2024,lr,elo_diff,1,0.4051774087383001
2024,lr,home_qb_injury_flag,2,0.12170244757705048
2024,lr,point_diff_advantage,3,0.12120242597831772
2024,lr,trench_dominance_metric,4,0.1067143442901171
2024,lr,roster_talent_delta,5,0.09525764920629846
2024,lr,def_roster_value_delta,6,0.08243382967967157
2024,lr,net_success_rate,7,0.07757174893915537
2024,lr,pass_epa_matchup,8,0.07385932888956324
2024,lr,rest_advantage,9,0.05764898772150142
2024,lr,qb_resilience_delta,10,0.045359891659073684
2024,lr,div_game_flag,11,0.04481385692922612
2024,lr,elo_confidence,12,0.043682605629987874
2024,lr,market_implied_team_total,13,0.03732869896249657
2024,lr,home_field_advantage,14,0.03643981422168124
2024,lr,away_qb_injury_flag,15,0.033163293283707256
2024,lr,surface_type,16,0.03243863695796552
2024,lr,turnover_margin_rolling,17,0.02340805852377491
2024,lr,week,18,0.01320572216877646
2024,lr,passing_difficulty_index,19,0.01055034855486274
2024,lr,qb_pressure_advantage,20,0.010077715733915577
2024,lr,def_pressure_diff,21,0.008154734595744539
2024,lr,off_roster_value_delta,22,0.004647981627446273
2024,lr,early_down_matchup,23,0.004615736677288466
2024,lr,st_value_delta,24,0.002321681119711151
2024,lr,rush_epa_matchup,25,0.0
2024,lr,net_travel_disadvantage,26,0.0
2024,lr,playoff_flag,27,0.0
2024,nn,point_diff_advantage,1,0.007879793643951416
2024,nn,roster_talent_delta,2,0.0077877044677734375
2024,nn,elo_diff,3,0.006137490272521973
2024,nn,pass_epa_matchup,4,0.002023458480834961
2024,nn,away_qb_injury_flag,5,0.001999080181121826
2024,nn,def_roster_value_delta,6,0.0015914440155029297
2024,nn,rest_advantage,7,0.0015427470207214355
2024,nn,home_field_advantage,8,0.0012302994728088379
2024,nn,div_game_flag,9,0.0010365545749664307
2024,nn,def_pressure_diff,10,0.0008222758769989014
2024,nn,passing_difficulty_index,11,0.0007215142250061035
2024,nn,home_qb_injury_flag,12,0.0007006525993347168
2024,nn,market_implied_team_total,13,0.0006892383098602295
2024,nn,st_value_delta,14,0.0006078183650970459
2024,nn,off_roster_value_delta,15,0.00021383166313171387
2024,nn,rush_epa_matchup,16,8.603930473327637e-05
2024,nn,playoff_flag,17,0.0
2024,nn,net_success_rate,18,-2.1219253540039062e-05
2024,nn,early_down_matchup,19,-9.40561294555664e-05
2024,nn,qb_resilience_delta,20,-0.00012004375457763672
2024,nn,elo_confidence,21,-0.000564277172088623
2024,nn,trench_dominance_metric,22,-0.0007568597793579102
2024,nn,net_travel_disadvantage,23,-0.0008494257926940918
2024,nn,qb_pressure_advantage,24,-0.0012896955013275146
2024,nn,turnover_margin_rolling,25,-0.0012917816638946533
2024,nn,surface_type,26,-0.0015435516834259033
2024,nn,week,27,-0.001837700605392456
2025,xgb,elo_diff,1,0.1609000414609909
2025,xgb,point_diff_advantage,2,0.0956040471792221
2025,xgb,roster_talent_delta,3,0.08484341204166412
2025,xgb,elo_confidence,4,0.055874649435281754
2025,xgb,home_qb_injury_flag,5,0.03491351380944252
2025,xgb,net_success_rate,6,0.034863270819187164
2025,xgb,trench_dominance_metric,7,0.03459019213914871
2025,xgb,def_roster_value_delta,8,0.0333704799413681
2025,xgb,pass_epa_matchup,9,0.03266512602567673
2025,xgb,div_game_flag,10,0.031755439937114716
2025,xgb,early_down_matchup,11,0.030115852132439613
2025,xgb,qb_resilience_delta,12,0.029596934095025063
2025,xgb,turnover_margin_rolling,13,0.029529782012104988
2025,xgb,qb_pressure_advantage,14,0.028938276693224907
2025,xgb,week,15,0.02862718142569065
2025,xgb,rest_advantage,16,0.02861938253045082
2025,xgb,market_implied_team_total,17,0.02833140641450882
2025,xgb,off_roster_value_delta,18,0.02686030976474285
2025,xgb,st_value_delta,19,0.02647688426077366
2025,xgb,away_qb_injury_flag,20,0.025841662660241127
2025,xgb,rush_epa_matchup,21,0.025783197954297066
2025,xgb,surface_type,22,0.02408849075436592
2025,xgb,passing_difficulty_index,23,0.024042950943112373
2025,xgb,net_travel_disadvantage,24,0.02233125828206539
2025,xgb,def_pressure_diff,25,0.021436329931020737
2025,xgb,home_field_advantage,26,0.0
2025,xgb,playoff_flag,27,0.0
2025,lr,elo_diff,1,0.46184837159396797
2025,lr,home_qb_injury_flag,2,0.12418647972824516
2025,lr,point_diff_advantage,3,0.11502754152187653
2025,lr,trench_dominance_metric,4,0.10983411176040496
2025,lr,def_roster_value_delta,5,0.09557584368673973
2025,lr,pass_epa_matchup,6,0.08240246688766849
2025,lr,rest_advantage,7,0.07593261075160623
2025,lr,net_success_rate,8,0.06836049803468441
2025,lr,roster_talent_delta,9,0.06442542367418834
2025,lr,div_game_flag,10,0.06382604474244842
2025,lr,elo_confidence,11,0.048663007429650795
2025,lr,home_field_advantage,12,0.04687366827117041
2025,lr,market_implied_team_total,13,0.04666623861982728
2025,lr,surface_type,14,0.042072321200089274
2025,lr,away_qb_injury_flag,15,0.04009129772958069
2025,lr,qb_resilience_delta,16,0.035844472973704265
2025,lr,passing_difficulty_index,17,0.015493728742146978
2025,lr,turnover_margin_rolling,18,0.01409789659431508
2025,lr,net_travel_disadvantage,19,0.01339120038818415
2025,lr,week,20,0.00816088440514375
2025,lr,st_value_delta,21,0.00644787381811903
2025,lr,rush_epa_matchup,22,0.001937405335920954
2025,lr,early_down_matchup,23,0.0
2025,lr,off_roster_value_delta,24,0.0
2025,lr,def_pressure_diff,25,0.0
2025,lr,qb_pressure_advantage,26,0.0
2025,lr,playoff_flag,27,0.0
2025,nn,elo_diff,1,0.013111084699630737
2025,nn,point_diff_advantage,2,0.008662551641464233
2025,nn,trench_dominance_metric,3,0.0049273669719696045
2025,nn,elo_confidence,4,0.004908233880996704
2025,nn,early_down_matchup,5,0.0041405558586120605
2025,nn,pass_epa_matchup,6,0.0037550628185272217
2025,nn,roster_talent_delta,7,0.0036545097827911377
2025,nn,net_success_rate,8,0.0027889609336853027
2025,nn,div_game_flag,9,0.0025623440742492676
2025,nn,off_roster_value_delta,10,0.0017061829566955566
2025,nn,home_field_advantage,11,0.0010903477668762207
2025,nn,passing_difficulty_index,12,0.0010798871517181396
2025,nn,qb_resilience_delta,13,0.0006495118141174316
2025,nn,def_roster_value_delta,14,0.0004686713218688965
2025,nn,net_travel_disadvantage,15,0.0004590451717376709
2025,nn,turnover_margin_rolling,16,0.000373154878616333
2025,nn,def_pressure_diff,17,0.00017115473747253418
2025,nn,playoff_flag,18,0.0
2025,nn,rest_advantage,19,-0.00011852383613586426
2025,nn,rush_epa_matchup,20,-0.00013631582260131836
2025,nn,home_qb_injury_flag,21,-0.00015148520469665527
2025,nn,away_qb_injury_flag,22,-0.00020441412925720215
2025,nn,st_value_delta,23,-0.0002945065498352051
2025,nn,market_implied_team_total,24,-0.000503838062286377
2025,nn,surface_type,25,-0.0010526776313781738
2025,nn,week,26,-0.0011127591133117676
2025,nn,qb_pressure_advantage,27,-0.0023939013481140137
